section,part,step,stl,image,step_sha256,stl_sha256,image_sha256
01_base_and_j1,001_BaseFloor_Left_Anchored,01_base_and_j1/001_BaseFloor_Left_Anchored.step,01_base_and_j1/001_BaseFloor_Left_Anchored.stl,Images/001_BaseFloor_Left_Anchored.png,3d0f7a814b1f69c52b6123ddef4d25bde5b042736368d71b5dbde085bf630bce,8a9d86749342a7e31d0fc8b87eb17fba973250e50f0094ce4fa773d214679b51,29d6729a91b07b815cec5476a7812481d78ddcc5a18dd214d7a8525b372b586b
01_base_and_j1,002_BaseFloor_Right_Anchored,01_base_and_j1/002_BaseFloor_Right_Anchored.step,01_base_and_j1/002_BaseFloor_Right_Anchored.stl,Images/002_BaseFloor_Right_Anchored.png,4cfce67eb4b216688241ce89d28cac29045730f14e9f55749d558a041479d094,dc78221d191b8fb624db5cee0d61f0c8681ca39340043368414b4462ee00ccec,f8bfa051d9d1fb011378cbecc0333721696b7cd3876023771f566cdc8fedb8e0
01_base_and_j1,003_BaseFloor_UpperSplicePlate,01_base_and_j1/003_BaseFloor_UpperSplicePlate.step,01_base_and_j1/003_BaseFloor_UpperSplicePlate.stl,Images/003_BaseFloor_UpperSplicePlate.png,9b193dc883188e5fc3a79b567ee67c042680807837249b5f7a11f1f931de51b1,d8c1471fa32d35618810062e4374d0e046603824718e45062335717289209ccc,e3527a6240d8c54bc9ced37a73286ff5ed0a448f6b5ccb97ebcd99329e06a634
01_base_and_j1,004_BaseFloor_UpperSplicePlate_1,01_base_and_j1/004_BaseFloor_UpperSplicePlate_1.step,01_base_and_j1/004_BaseFloor_UpperSplicePlate_1.stl,Images/004_BaseFloor_UpperSplicePlate_1.png,9bbb066e14f48a72c17dd2be856d04424e20522844a054d87b111582f6f843e0,e6420104716bab577624dfd5c9345d136d57bef2259882a5079c80b9ac7d830d,8f97b9b61a1a54af6fe7f4781e1d02ca6d5fd22a69a5465ab29b3c01052cd90a
01_base_and_j1,005_BaseFoot_MM,01_base_and_j1/005_BaseFoot_MM.step,01_base_and_j1/005_BaseFoot_MM.stl,Images/005_BaseFoot_MM.png,dfab7377913754dd3e093da8dab3d0a1c3623b660b41dc9cc567ecd138ad4f8a,b59489f385fd0bfb2f80c63aa25824dc955400b505cb8e1140ca4593f5ff3061,c5b58ef234f6583b4b0e2b89c7e45571e7e31a386efa80baec49b2ec10abb90d
01_base_and_j1,006_BaseFoot_MP,01_base_and_j1/006_BaseFoot_MP.step,01_base_and_j1/006_BaseFoot_MP.stl,Images/006_BaseFoot_MP.png,b7385e0d89d285a96c6fbd9ad7b3543485644f285fe3163e296d47ff8217045f,6969363a6d4a1a643488c44c4a24cd47ace8eae84c2927baa8423f76c4343d62,fbd81d917e28a6942960f58b9199b2227bee29ff2d771f9a3dbc0a7553254f2f
01_base_and_j1,007_BaseFoot_PM,01_base_and_j1/007_BaseFoot_PM.step,01_base_and_j1/007_BaseFoot_PM.stl,Images/007_BaseFoot_PM.png,7a312a67a5031a64eeb14aca59d2717e8b1ff63d451a42a7677139a2c3f6d906,37835e7baa36f1d8109d6a1f3b5183df6f374c63c5cc2ecdda238c157d937b32,1d9fefbeb7cab8495dd95ba69dc5ead99bf157324fcddd448bf518b4e98a9d18
01_base_and_j1,008_BaseFoot_PP,01_base_and_j1/008_BaseFoot_PP.step,01_base_and_j1/008_BaseFoot_PP.stl,Images/008_BaseFoot_PP.png,9aa2b343178e8b2e34257a01cd04bd2d62c53d8f7538cee9b9e15856a2652a40,805886bec5c4155370b97871a005c5b0ba198f12c38133291d38e5bb4c2a35d0,d43574669ea31b41a11fc8b6a964de5db1435ee67e1a6ffedd4ba199872e7c67
01_base_and_j1,009_BaseCornerPost_FL,01_base_and_j1/009_BaseCornerPost_FL.step,01_base_and_j1/009_BaseCornerPost_FL.stl,Images/009_BaseCornerPost_FL.png,56c98f5c74cf4292e2760f0d3803befd2f67c396fb346b78790f618dcf780d03,1dfdaed6e3620cc9e91aba58c54b33146397a2035b6f23ea3ef7a65e4848c4ed,6cf183cacbba9d29e3b32550d4d7c1c749994c67f302798dd80a3a8004dccb8b
01_base_and_j1,010_BaseCornerPost_FR,01_base_and_j1/010_BaseCornerPost_FR.step,01_base_and_j1/010_BaseCornerPost_FR.stl,Images/010_BaseCornerPost_FR.png,ea35bc322f95d20cead7990d841c463b09444cf083a18d730d5665d7854c8d1f,43203680ae65e53371b26ad5c9b8c051e5fcb41ef1792650907d9ea5d1592d2f,38dd803180a8a29105b787550d1d6055d40b440e2c443568c60015fdc6a91376
01_base_and_j1,011_BaseCornerPost_RL,01_base_and_j1/011_BaseCornerPost_RL.step,01_base_and_j1/011_BaseCornerPost_RL.stl,Images/011_BaseCornerPost_RL.png,bc2d5598f713c72f5d1ec774979f782e5aab90d1d70d994ce27dacdcddd0617f,0d145a50f1cf700208698ef3a2c940c612b73bea4dd7cb162dd8d289f9a50774,f817ae3602c7a99846336aedf902005ff21759f932c6fe9771ae62449f974b97
01_base_and_j1,012_BaseCornerPost_RR,01_base_and_j1/012_BaseCornerPost_RR.step,01_base_and_j1/012_BaseCornerPost_RR.stl,Images/012_BaseCornerPost_RR.png,39d5721bfa3a7bf77c3e3851a50dd708e64b272dcbe527f0b8d54d6b36d8f9e1,e5e47ef4b18a9708dfdd7cf7fbe87e311932fa985e120e5049f5b0c06ab4abf7,5713d68037af737cb25337868eddb067fae927f5b8ab0c05da63fd23a43bfa56
01_base_and_j1,013_BaseFrontPanel,01_base_and_j1/013_BaseFrontPanel.step,01_base_and_j1/013_BaseFrontPanel.stl,Images/013_BaseFrontPanel.png,43272c268c45e952e8da9b4b79d5c04326c67d06952614d2f39eb9aa488199a3,db77cf908d0d5fe930d05bf99df77bf46b68986ca38b2fd6dcc4189e376dbe7b,8c6eb8b1dab2a6972ab7d97dcd740c280b02fdc2bcf9f0688c62105a1fa74ddc
01_base_and_j1,014_BaseRearPanel,01_base_and_j1/014_BaseRearPanel.step,01_base_and_j1/014_BaseRearPanel.stl,Images/014_BaseRearPanel.png,9556f6c3e9c1cbeb5714f85115bc054eb0d037d9b4daf087db9d72788aa5dec3,2158f36b67c4b76881fe373e0411a0be52438b3502aa0d8b0bc7b0878086d97f,2d9eaf97bea11aa4e7911ef0a7267effa8be0972cc12267c2b40a67b99501f72
01_base_and_j1,015_BaseLeftPanel,01_base_and_j1/015_BaseLeftPanel.step,01_base_and_j1/015_BaseLeftPanel.stl,Images/015_BaseLeftPanel.png,934a369566ad4935bb1b3434f3176739113db23b3a9760c5544178d4046056dd,ccea7b0693141f90db9510586c869429b376a6cb62f7631539e1690115aae05c,126d4d7d2f0cddfce927bf113f1fc512c56351eb6275b6928c67c62cc2a16736
01_base_and_j1,016_BaseRightPanel,01_base_and_j1/016_BaseRightPanel.step,01_base_and_j1/016_BaseRightPanel.stl,Images/016_BaseRightPanel.png,7efc11565fa83e470ecddd8911267ad18bd03d6e528ad093fdea7abeab14206a,3eefabb398470cd4a03fd9f015837e4f75515f3dba7fa0791a4dc307999de345,126d4d7d2f0cddfce927bf113f1fc512c56351eb6275b6928c67c62cc2a16736
01_base_and_j1,017_J1_ReducerAndBearingAdapter,01_base_and_j1/017_J1_ReducerAndBearingAdapter.step,01_base_and_j1/017_J1_ReducerAndBearingAdapter.stl,Images/017_J1_ReducerAndBearingAdapter.png,eac82920cf0d0c37b77eded60ac8bcd197a80b2abb601ffcd05aa6603b805189,f4f935eac2ad9f3e9ab1b7222c7f1a40288b2631f9eaf5dc3f23ae20c163bbd3,b41363419257dbfb88c2a0a3213743bd8f733cef7d3c9816ad446e824d8452c1
01_base_and_j1,018_BaseTopPlate_J1StackOpening,01_base_and_j1/018_BaseTopPlate_J1StackOpening.step,01_base_and_j1/018_BaseTopPlate_J1StackOpening.stl,Images/018_BaseTopPlate_J1StackOpening.png,54f2eb6c4a0e3bc194a49ab29b1bf5311eb8e72f7a5d4a6ff6e26be2e076b1dd,91df0e911ee8b0248942c7f5d2e05ff92c298074e0ea9354451c53f61ce110f7,f382b0906a10ada3e692775add99bb658dfca0bebaf521638e0e5d8be0f22d82
01_base_and_j1,019_J1_DualBearingHousing_Flanged,01_base_and_j1/019_J1_DualBearingHousing_Flanged.step,01_base_and_j1/019_J1_DualBearingHousing_Flanged.stl,Images/019_J1_DualBearingHousing_Flanged.png,0fcbc3c43c6377c2537f1b7705c6400b967b986a1d108db6754322729254e5f5,1ff0b4c1f6cdfb2857e3df25954b08cde790c5d9d503efaf7c6047e56c54a421,a7b32b324de5e1d45de8c95fdddf99d166a2b1985f8d549f4210b6869adfe710
01_base_and_j1,020_J1_6807_TopRetainer_CSK,01_base_and_j1/020_J1_6807_TopRetainer_CSK.step,01_base_and_j1/020_J1_6807_TopRetainer_CSK.stl,Images/020_J1_6807_TopRetainer_CSK.png,2d9cb3963657b84acc3f09b1111677df3f060e864f338d8f6d29e2ea02484a60,0561bba7e9550ab43b4e9122fa8d21e8dfb42000bcab41ca9a7d052b9c549c37,433747a6de8795fc06f2237562e0600fd3b2c1321841f9b46523d191c07309db
01_base_and_j1,021_HomeSwitchBracket_J1,01_base_and_j1/021_HomeSwitchBracket_J1.step,01_base_and_j1/021_HomeSwitchBracket_J1.stl,Images/021_HomeSwitchBracket_J1.png,1bf9cc1504104150604314fc43a9ea0fbcd71fa58299c431fb4d9fe241ba56e4,ec4ed85d403b90e15640fe03c7ac4c7b12519774344c7b53f1f6a3f177196902,91e97559abac828ed01f14cf37175b5402f24c9f13dd43dfc0670c0e88845783
01_base_and_j1,022_P101A_J1_JournalCartridge,01_base_and_j1/022_P101A_J1_JournalCartridge.step,01_base_and_j1/022_P101A_J1_JournalCartridge.stl,Images/022_P101A_J1_JournalCartridge.png,fd403d4752242edd47015f91a5d031ce1741a509dcaea5d38ef92cbd39ddec79,f1a26ceab6f53989172f40cc508fbd6a2f3fbf4fba3cddc36d2d2e03d5bae42a,3abcdfd25af9b0c556180a99508b19d70f152e8d99111af05a7376a59dad86b4
01_base_and_j1,023_P101B_LowerDeck,01_base_and_j1/023_P101B_LowerDeck.step,01_base_and_j1/023_P101B_LowerDeck.stl,Images/023_P101B_LowerDeck.png,202b2dcc70f0f3170b11c926bbb2ea3f0391921761bde9d4f513aedfe9d2f927,99726fb09a8fb99acca8c755ad5ae59e16b4d88345234d328539cccae9facf48,f4322890bc052a39bd42bc41610e59d395059c0b20e986e1d2166554a0b5d3cc
01_base_and_j1,024_P101E_RearBridge,01_base_and_j1/024_P101E_RearBridge.step,01_base_and_j1/024_P101E_RearBridge.stl,Images/024_P101E_RearBridge.png,23ec64d66ee07086aa2108b3451c3ee96caeb9356cacf3bb54bd0eed9db98863,0d0a9a74f4be679d01174da81748cd5fc2bfe51e01f558ffe07bf643f1dbe8ba,74f5cc7e0673e6d4c4ae60e3d98aa5a17af756ebf1539e5eff99d2d37e5a0f5c
01_base_and_j1,025_P101C_J2Cheek_Left,01_base_and_j1/025_P101C_J2Cheek_Left.step,01_base_and_j1/025_P101C_J2Cheek_Left.stl,Images/025_P101C_J2Cheek_Left.png,a5f023723e1c4e8c36a0904df45a638359d31a1f29ba6c191bda3ab39244fb48,f939686b71f5b4e715fc8234f52a1973f342026e77719f9440438db01c3d15b9,4ab46a0d24f8bffd8b40b2ab90a543f83f61948c16147968ca3c7dab19f528d9
01_base_and_j1,026_P101D_J2Cheek_Right,01_base_and_j1/026_P101D_J2Cheek_Right.step,01_base_and_j1/026_P101D_J2Cheek_Right.stl,Images/026_P101D_J2Cheek_Right.png,c211faa19c5cca6724fd191964976a37fcbf39f0ba0fee68315faac09be91237,08ea3e821e4bca1c7572bfd516eca45e270542ba4a5b0015bd8346cccf1da81d,9e34a038f8ba7283abbcec64aa685d470cc04021aa4644f25056a0fa03f9052e
01_base_and_j1,027_HomeFlag_J1,01_base_and_j1/027_HomeFlag_J1.step,01_base_and_j1/027_HomeFlag_J1.stl,Images/027_HomeFlag_J1.png,155c011f542eb03d68e72954254c00a7efd5330966736849383af327603fd77a,2030cf692f090058f9865a00e998c1c97257ba670bfdd204e597329c0ff96c64,8e900daebd739ec94b70c32c2535aa07f1a660f16966561ba4ff2b9be77e1e2d
02_j2_shoulder,001_HomeSwitchBracket_J2,02_j2_shoulder/001_HomeSwitchBracket_J2.step,02_j2_shoulder/001_HomeSwitchBracket_J2.stl,Images/001_HomeSwitchBracket_J2.png,a681d3bdcfcf427fa8facdf1130e2b2b0cbd2711c1049655dc31ad7c3946f96c,31baa5c6d2902042b06b7ff411ea719f7a91c0fe89c15a3bc5e50c5a74184d93,1ba6992a50cee8bf1223d1f0018713ab2959f30063202d082c1fb7520e274f51
02_j2_shoulder,002_J2_FlangedBearingHub,02_j2_shoulder/002_J2_FlangedBearingHub.step,02_j2_shoulder/002_J2_FlangedBearingHub.stl,Images/002_J2_FlangedBearingHub.png,ccc2a526cb138a0feb601309407884cbb53cc4784e27df2396c5cbf09775c5ae,f2d8284e4a7ba79586c410a9dc5db956834b0783fb9bba2aa96ef3ffc40beee3,153ee10f5a9a90159cd97d7b549e98c6d3ac1939c8a388377da52208874cce75
02_j2_shoulder,003_HomeFlag_J2,02_j2_shoulder/003_HomeFlag_J2.step,02_j2_shoulder/003_HomeFlag_J2.stl,Images/003_HomeFlag_J2.png,0029863a36ebc3dfbd898ad4a568bf734d780d84173db97cfbe79310ef4e1804,8d50715ad71fca2cb300dfa201605cc4f8d5a786dfa59b19acafe80a0e19fb6b,ab66df5ca06a00f7353d4561be68343f04a3096436007f0310eae0adac62479e
02_j2_shoulder,004_J2_6807_Left_OuterRaceSpacer_9mm,02_j2_shoulder/004_J2_6807_Left_OuterRaceSpacer_9mm.step,02_j2_shoulder/004_J2_6807_Left_OuterRaceSpacer_9mm.stl,Images/004_J2_6807_Left_OuterRaceSpacer_9mm.png,e8eceb8f1505707b03a4be6280636d5d1fd4e59ae39e9834655be96cd45aebef,47b2e66efa48a2da3ccbd4de5adca817ac99813f5c16747f273853a8c0827a9e,b7518a67976a3d811ba10809ab66b820b996c6047e93502d8d9f8298c1f6727e
02_j2_shoulder,005_J2_6807_Right_OuterRaceSpacer_9mm,02_j2_shoulder/005_J2_6807_Right_OuterRaceSpacer_9mm.step,02_j2_shoulder/005_J2_6807_Right_OuterRaceSpacer_9mm.stl,Images/005_J2_6807_Right_OuterRaceSpacer_9mm.png,373a3399d74908dc7484f84d8b3c14c3af2d6b536d1069517f48446fe024298e,39c6ce812e221622140bf857bba89613acba6dbacfa0cd3b9f0575f253b3d404,8cff637a89dfedf8c250b13c71050f05e700b3987486496e5dfb605838529fbb
02_j2_shoulder,006_J2_SteppedBearingRetainerAdapter,02_j2_shoulder/006_J2_SteppedBearingRetainerAdapter.step,02_j2_shoulder/006_J2_SteppedBearingRetainerAdapter.stl,Images/006_J2_SteppedBearingRetainerAdapter.png,5d13f5ff756820c59f7a5b8876c6627c94a0c71b97b3b204818dcbd7f09ff153,a2fb56208d99639ec2f8b9e306a36a67a03b2f04bd2f8310163fb4f5757e1a3e,21662b5d45d4499f3c8942c7705ef66812a02bcb20bfc2a84374f7f5e942fa92
02_j2_shoulder,007_J2_6807_Right_ExternalRetainer,02_j2_shoulder/007_J2_6807_Right_ExternalRetainer.step,02_j2_shoulder/007_J2_6807_Right_ExternalRetainer.stl,Images/007_J2_6807_Right_ExternalRetainer.png,e64fcbf5d01ad97300fb0d70a620b9a1958bbcafaa25338899432141a10658f7,8dd02227fb7f86fd8df34d410b4f48393227ce743b633eafcbce44d5aa592e17,5c475b8d38a0ed348f9fbef9e97bbdcc6f7694bee82231c7017fc73ff72d9fe5
02_j2_shoulder,008_J2_ActuatorServiceCover_M3x4,02_j2_shoulder/008_J2_ActuatorServiceCover_M3x4.step,02_j2_shoulder/008_J2_ActuatorServiceCover_M3x4.stl,Images/008_J2_ActuatorServiceCover_M3x4.png,151ebf252286d0210ae2c7d01c02ab5e8a5861cbfdca9937d5f24c582a6d08bb,5a1bf2774939f5da5f05099ee83969d30f7a9d06f577cbbd8cc17a324364436e,3434726dab8a062279c42e21ab3b571e4515fe825007558d14c5b957351295bd
02_j2_shoulder,009_P217_J2HubDrillJig,02_j2_shoulder/009_P217_J2HubDrillJig.step,02_j2_shoulder/009_P217_J2HubDrillJig.stl,Images/009_P217_J2HubDrillJig.png,6476a0f0bc0ca4a86106a2d3a9c69b5cf5844a60ee034c987d8abfe32e99456e,bbe1814de196bae1586843c4b0f4d50d632e4dece88fecdea898672c8051e12d,6992ffb922e9f16c5c3a2f0735107ba673175fa5d48d929397660cd9be9b7a02
03_j3_elbow,001_UpperArmCheek_Left_A_J2SixBoltHoles,03_j3_elbow/001_UpperArmCheek_Left_A_J2SixBoltHoles.step,03_j3_elbow/001_UpperArmCheek_Left_A_J2SixBoltHoles.stl,Images/001_UpperArmCheek_Left_A_J2SixBoltHoles.png,82646cd4820789b58bf744af5fd927168ed58ac13f8187b38901d2ac4cdc8865,620f72efd01a0118354ea4dea843939e4123f119f72536e9885140e3e9a462c7,3a8dfefaadf3c88a83432e4e4323b3b3e6b2e99cf122e2c862abb7028fa66e34
03_j3_elbow,002_UpperArmCheek_Left_B_6807InnerShoulder,03_j3_elbow/002_UpperArmCheek_Left_B_6807InnerShoulder.step,03_j3_elbow/002_UpperArmCheek_Left_B_6807InnerShoulder.stl,Images/002_UpperArmCheek_Left_B_6807InnerShoulder.png,f4a1d2255f8fa1b6761ee073e19e8ad34cc3e5fb73bfb7e94e98184b8f36a336,34b9f4592bb4a3dd89ae2ff0f8ec354898a56fa7ea3f6c8f6db4a883e45fa23f,b4ba7e64e1b7fb78691667910535a01d8af418146c0a87edcf5158edfe5b12a3
03_j3_elbow,003_UpperArmSplice_Left,03_j3_elbow/003_UpperArmSplice_Left.step,03_j3_elbow/003_UpperArmSplice_Left.stl,Images/003_UpperArmSplice_Left.png,67093816610e16b5956dd89a54376264309c2f1f7cc1768465217c5ae6cd6e9d,8d6779ee1f936b52751d3f9a410e0d4812d05de3bc67d5c9a91099802425ee2d,fdf0f664944282bb33bcca164725d255705e087d34905a9b5bc884b3ffcf6e94
03_j3_elbow,004_UpperArmRib_A,03_j3_elbow/004_UpperArmRib_A.step,03_j3_elbow/004_UpperArmRib_A.stl,Images/004_UpperArmRib_A.png,970efec7501a3d05bd9fa95a1a24bb0d5e334cdf8fb730d0f5b84ad794b0408a,ce74a44a7a9f9ffb8f911a45ac492b224a5af5962fea256b5cd2e32f72f98bbc,b7de601c960c8e2a54a01264606541201d76f2e59c977d3c232662921eeaab68
03_j3_elbow,005_UpperArmRib_B,03_j3_elbow/005_UpperArmRib_B.step,03_j3_elbow/005_UpperArmRib_B.stl,Images/005_UpperArmRib_B.png,45604e69648e0fd7d15749794631e7a0549c15034bc262a741471acda5d0149f,8e18fa2fb638056236fbd198b73f4ed4ac07645cfbbaf0cecbce0186fef5a70e,61872ff329f7d28547a16e8f2e213f4af2039f8b7260a8f0ef53309c125f4f90
03_j3_elbow,006_UpperArmRibC_ElbowSweepWindow,03_j3_elbow/006_UpperArmRibC_ElbowSweepWindow.step,03_j3_elbow/006_UpperArmRibC_ElbowSweepWindow.stl,Images/006_UpperArmRibC_ElbowSweepWindow.png,5c0a5802dea23718e2213054f222b1a2f1bc95626a97aa6940395108a8974fb2,701b701758146e0c7168d23b0b7d644526bf5b0085992b5a68566c91b405a7a3,3856e927261b8f8116c5f706ccb5628b9d440997cf15e876c528cda370c1040f
03_j3_elbow,007_UpperArmBottomCover,03_j3_elbow/007_UpperArmBottomCover.step,03_j3_elbow/007_UpperArmBottomCover.stl,Images/007_UpperArmBottomCover.png,b4c6fb0105ca3b6d721be6cc3dda53842727cc82c08d4fd8b072829eb16924ec,0b2c2d5cba8d2525c9178ff450302432088db81a5151f7ea244172b24ffe1757,8f4f2c836fc1966173f58ae9a488a8e93fac28701308912dd583f0659f24ae9d
03_j3_elbow,008_HomeSwitchBracket_J3,03_j3_elbow/008_HomeSwitchBracket_J3.step,03_j3_elbow/008_HomeSwitchBracket_J3.stl,Images/008_HomeSwitchBracket_J3.png,201d598659276d9357ff579bcf3bca3f49f7e89b053032e3cd2e5855a06ef8f0,271c075bfda695d4406f6ae356a2e32f284b76c8c34d1e109ae570df7cd91407,cafe9c4386feb0f17423634f3f71e67f2c9a209c42461ef6d2ed9d0cb591e058
03_j3_elbow,009_J3_Dual6807JournalHub,03_j3_elbow/009_J3_Dual6807JournalHub.step,03_j3_elbow/009_J3_Dual6807JournalHub.stl,Images/009_J3_Dual6807JournalHub.png,519c97935360be38ef4ef09edad311d3f0c0cd407422122013efb83d8d323a2c,9a71d7f18610a3d63af823c82e784656a039433121edae60d80501a2bacb378a,c9e76146d8d9c6f4fe20db221e6cacbf310eb3c79e27a7fcc1e702da633e52f6
03_j3_elbow,010_HomeFlag_J3,03_j3_elbow/010_HomeFlag_J3.step,03_j3_elbow/010_HomeFlag_J3.stl,Images/010_HomeFlag_J3.png,7b85207e1c3f27f319b8734c63edfaf7ddb872276a26a62ff45ff88caf15e254,f0647ce136f7426a9beb27ae31de148550efdf7609a535af40c3d24921cbd7d9,d882ded0835993118f08e9a88467071fee64d7aed9e5403d7e674814ba37853c
03_j3_elbow,011_ElbowCheek_Left,03_j3_elbow/011_ElbowCheek_Left.step,03_j3_elbow/011_ElbowCheek_Left.stl,Images/011_ElbowCheek_Left.png,f89a4d92899e86448be738f6dde7755d583949e784c1db89fab06df81debfb57,0518240e6858b841c7ac0e6ec70c1f43102f1c99a55babab0ff398cc0a45868e,1f15e0496283cfe172897daa89ac253a07db7a993c8bff99d3ff3164ecf6abbc
03_j3_elbow,012_ElbowCheek_Right,03_j3_elbow/012_ElbowCheek_Right.step,03_j3_elbow/012_ElbowCheek_Right.stl,Images/012_ElbowCheek_Right.png,cd944c23539722c3c4a48b748347dbfac764be6ca0beec6ee00d875d9b412025,7bebe8eab792a344ac2a33794188a120f8e72d365a2e27c8a4d5ddbfe88fb496,d7db559072de4602d2f349c9626a7cd77b20ecc4acb7158b2db1691b84323402
03_j3_elbow,014_P216_J3_LoadCartridge_68mmGearbox,03_j3_elbow/014_P216_J3_LoadCartridge_68mmGearbox.step,03_j3_elbow/014_P216_J3_LoadCartridge_68mmGearbox.stl,Images/014_P216_J3_LoadCartridge_68mmGearbox.png,4068a68b7fdbc3860655e2f7dfbb8b3f314632e6b467857b7d75a87d86677d2e,ee2aaa76f6ab5666f7e87750b9b43def588a89610858da2bb86d37c11b0d6c52,7289d249f019a18897992b191b31813c0e53ce92fd453850c32cc22bf8f790cc
03_j3_elbow,015_UpperArmCheek_Right_A_J2SixBoltHoles,03_j3_elbow/015_UpperArmCheek_Right_A_J2SixBoltHoles.step,03_j3_elbow/015_UpperArmCheek_Right_A_J2SixBoltHoles.stl,Images/015_UpperArmCheek_Right_A_J2SixBoltHoles.png,db7f38d5f5b3606c561d5d092ba7c909f63b55f5793651ff7e7bcefff20d0ec8,4791492ce9355408cf4905dfcfaf46b1e7970f27a4a2ab572660ad2a764c6cce,24c69f107c2077dfc373dc50ded327a2062fe613599557f4c0829b69973a6218
03_j3_elbow,016_UpperArmCheek_Right_B_6807InnerShoulder_M3Pilots,03_j3_elbow/016_UpperArmCheek_Right_B_6807InnerShoulder_M3Pilots.step,03_j3_elbow/016_UpperArmCheek_Right_B_6807InnerShoulder_M3Pilots.stl,Images/016_UpperArmCheek_Right_B_6807InnerShoulder_M3Pilots.png,d63f8ef5c1616cd2af48ef2b300bfc1c5ce84339944feca6dbdb71f0bb3affec,25b87af377754641a012261c89dcc6f8610f47a41a6e625b496ffdc348632643,dff0081f3b3b8f2f7a57818b5d4d5503337abfb4d572f7ad29a08cb1b46817cd
03_j3_elbow,017_UpperArmSplice_Right,03_j3_elbow/017_UpperArmSplice_Right.step,03_j3_elbow/017_UpperArmSplice_Right.stl,Images/017_UpperArmSplice_Right.png,c529d6634b17cf3bef50bfe009034c7c9b145c9be455866acd3992b470c2df0f,aab38821cb7fa330b767d311dcf1bbec8687786a54215081dbdd5d5663f6bcd6,fdf0f664944282bb33bcca164725d255705e087d34905a9b5bc884b3ffcf6e94
03_j3_elbow,018_J3_InnerRaceSetScrewCollar_Right,03_j3_elbow/018_J3_InnerRaceSetScrewCollar_Right.step,03_j3_elbow/018_J3_InnerRaceSetScrewCollar_Right.stl,Images/018_J3_InnerRaceSetScrewCollar_Right.png,c6b03d22aa057fbc7a2f7b765c33d72ff89ec79e1ce67ab52f80916e1682d6aa,ea93ecbf2ebe8a045ccfffbbd6297f1f530ef612791da5d1f26ae46668e7edde,8ae5554c6224c87c75c5872b8ed2dad03a9cf0cbd095fd81a75e1f90e5119305
03_j3_elbow,019_J3_Right6807_OuterRaceRetainer_Access,03_j3_elbow/019_J3_Right6807_OuterRaceRetainer_Access.step,03_j3_elbow/019_J3_Right6807_OuterRaceRetainer_Access.stl,Images/019_J3_Right6807_OuterRaceRetainer_Access.png,7e775f6b7e6a7e713df1284c083e884c7476a183989674acd9472a5b714dad88,581fb7ffc456d31e4451f6594c5d1f30c25d511f161fd7b081108d96a373d18e,69ee6eae2bd039792fabbcc26123a0396da57c3c5eeeb41bce542f49177b9792
03_j3_elbow,020_UpperArmTopCover_ElbowSweepWindow,03_j3_elbow/020_UpperArmTopCover_ElbowSweepWindow.step,03_j3_elbow/020_UpperArmTopCover_ElbowSweepWindow.stl,Images/020_UpperArmTopCover_ElbowSweepWindow.png,477aa57c3b839b3bd25c3012ec312488e97d711c636cf937368814c664a640b2,0aee0e19dec024b6d5689792e7447e18e61907ad74b835d1c206b274380de026,d575aad73d64aa8c0f39b7dd29357caf33677b5a18c947c349930cef94ce5740
04_j4_forearm,001_P304A_J4_BearingCartridge,04_j4_forearm/001_P304A_J4_BearingCartridge.step,04_j4_forearm/001_P304A_J4_BearingCartridge.stl,Images/001_P304A_J4_BearingCartridge.png,efc789d13573d43e23a62bbf7dd2c052ac9fdac0698385bd6bf10f5385fa9eae,a78d8e030837be863b806a12aaa34f013c31c8df5db50f7f4d63aa9adbfe0d0f,81e63c94ed21af658ee7e48f3b8d95a523c515f0cc65988f75cc87535a05a7d9
04_j4_forearm,002_P304B_BottomFoot_Rear,04_j4_forearm/002_P304B_BottomFoot_Rear.step,04_j4_forearm/002_P304B_BottomFoot_Rear.stl,Images/002_P304B_BottomFoot_Rear.png,b5fc85981dae79647d881e2a70b6292fe85e76cf3652d4c537faab46f145d280,e65e9627e6319dc6597fb5fa969a9b28cd2f4d36254c84c5f3c99e1642f0b87c,dfa40b272315d6b479b366e1e7c6aa378286e2055946066296ff2c91b47ac86c
04_j4_forearm,003_P304C_BottomFoot_Front,04_j4_forearm/003_P304C_BottomFoot_Front.step,04_j4_forearm/003_P304C_BottomFoot_Front.stl,Images/003_P304C_BottomFoot_Front.png,2a9e6e79cfdbad247e1289704f906089edece91eaac49312290a7ac8ca828fd8,3218c33956f609d8758c76ea07a060541fd97a01791a9f59e398ccac3ab08aed,40b8eecd6d036a69736de04a16bb1083b3ca5a84c8b585f3b0c6c9e4aa133589
04_j4_forearm,004_P304D_PG19Carrier_Rear_PosY,04_j4_forearm/004_P304D_PG19Carrier_Rear_PosY.step,04_j4_forearm/004_P304D_PG19Carrier_Rear_PosY.stl,Images/004_P304D_PG19Carrier_Rear_PosY.png,f18285f9896d39255289d330de9c394663c853965eb412685633bd127ead4d98,cec0f4af51b766ba373ba477661d5790fc32e51aba2c1f666cfd9486c1789d1e,226054773ed73049a8487667fa3990b7d539d1238b61fdd34cf700d1b98f84c0
04_j4_forearm,005_P304E_PG19Carrier_Rear_NegY,04_j4_forearm/005_P304E_PG19Carrier_Rear_NegY.step,04_j4_forearm/005_P304E_PG19Carrier_Rear_NegY.stl,Images/005_P304E_PG19Carrier_Rear_NegY.png,dd3db6dff1621e3bbea5c2375ac7abe95e9fca2e41797dac6276eaa66fe541d8,c1d77667355d4bb6dd2287630c9f530e1dd59376af1593f0892e24bd5a068cef,a22eac01806199136afeb76dad2f4a472b6221e80e94f0fb26c5277c2480e39f
04_j4_forearm,006_P304F_PG19Carrier_Front_PosY,04_j4_forearm/006_P304F_PG19Carrier_Front_PosY.step,04_j4_forearm/006_P304F_PG19Carrier_Front_PosY.stl,Images/006_P304F_PG19Carrier_Front_PosY.png,4c298189878c78003b130e0695ea6c966249033a2e514551b38a6b7276a8faf7,6d0d7a18b42fdf216fd6acc2ccc87c509d5809dd9b6a095c4e8fd850a38c1712,d9ae84ddb88bfbe8be114e125645a9ea8bfa2683d23baa308cff82fa6c3050a9
04_j4_forearm,007_P304G_PG19Carrier_Front_NegY,04_j4_forearm/007_P304G_PG19Carrier_Front_NegY.step,04_j4_forearm/007_P304G_PG19Carrier_Front_NegY.stl,Images/007_P304G_PG19Carrier_Front_NegY.png,2e776b9ef1f6b0c51b60157964e04094d6c3245107c39309bd54e8d89197bf74,2a4d068a2d2e297f2142c7270d0477e5bb6e80f22c26a64dfe3d923d6f6e68a8,ae2618c4a12da78688499f8714f77e3ddd01f61c6a28fb8bbf4ec4401cc7fb89
04_j4_forearm,008_HomeSwitchBracket_J4,04_j4_forearm/008_HomeSwitchBracket_J4.step,04_j4_forearm/008_HomeSwitchBracket_J4.stl,Images/008_HomeSwitchBracket_J4.png,4b4fcd815b0be5ce97b07a3db5cb6f062a6779afb6c5e69db452eb66fc5809ae,bbcc4ceff6840b1c5a87388058ee083a2422c174fddbf91e154c5c3e9b841896,05f4a60ddb4eedc3ad2e9156ae4ea543f838c8b3d9f3129af8bec9c1ba511e16
04_j4_forearm,009_J4_BearingRetainer_Rear_FlushCSK,04_j4_forearm/009_J4_BearingRetainer_Rear_FlushCSK.step,04_j4_forearm/009_J4_BearingRetainer_Rear_FlushCSK.stl,Images/009_J4_BearingRetainer_Rear_FlushCSK.png,b22063ce7d622c45f8d81273b5a679082f8ae1ff14802a79f193239cb2cd4ab2,e9220f98810fb66c146c1bb338bd5ddb8d13c1999afb401a9a177635deae38d5,3e6d59dadb87f5149a416d5961b6e493d96a396fdde62ab2251c41a77386994c
04_j4_forearm,010_J4_BearingRetainer_Front,04_j4_forearm/010_J4_BearingRetainer_Front.step,04_j4_forearm/010_J4_BearingRetainer_Front.stl,Images/010_J4_BearingRetainer_Front.png,5939048a41b677d275a01854beee72306a0682c2b2efb37ac425928d052055b6,4e4051b5c189390d9bd835be11a5e9e4b629532f465340a6524a9c10164167b6,192a20d023695cabdb289c30e2d2278de7fbc234cdb0e40fbca7736cdecbed0b
04_j4_forearm,011_36T_HTD3M_DFlat_OutputFlange_SingleM5Clamp,04_j4_forearm/011_36T_HTD3M_DFlat_OutputFlange_SingleM5Clamp.step,04_j4_forearm/011_36T_HTD3M_DFlat_OutputFlange_SingleM5Clamp.stl,Images/011_36T_HTD3M_DFlat_OutputFlange_SingleM5Clamp.png,36d74bc82f291178a86694f920a949b30bf2f3c764dd77d14321756a46b66046,384d36ca366fe2f8ba38f0205ff9626c5e4b1d2e004bd088343829e5846d86ec,ebf7e86f4863aea48b0e45d3db33dc5a8eddf7376be1e1209d1373e1af3e45ad
04_j4_forearm,012_P401A_J4_OutputFlangeWithTabs,04_j4_forearm/012_P401A_J4_OutputFlangeWithTabs.step,04_j4_forearm/012_P401A_J4_OutputFlangeWithTabs.stl,Images/012_P401A_J4_OutputFlangeWithTabs.png,5597cbb42a22109e26f2145070768efd69a4bbbf89fc9ba822e86d311eca7401,30fa10c4041dcb1ca6280d701ba25b7738c61209113ea989a197e8db5170b202,647907d47f1c899b3fcac4a37b2a3086835998e10e2a3b4cfc8f41d5c3b31dd8
04_j4_forearm,013_P401B_ForearmSideFrame_PosY,04_j4_forearm/013_P401B_ForearmSideFrame_PosY.step,04_j4_forearm/013_P401B_ForearmSideFrame_PosY.stl,Images/013_P401B_ForearmSideFrame_PosY.png,2ab9e88013022d122cb96de1416d22322f9a25a2c31f3b096dc6192f40d4c1cb,8d0ef60d1cfc793d92bad37d9f5838fb4e6ca98bac8bb3b35a5c03606db6b3bd,72d03fa0bd9ea605053b92d916adcf72dd14cc3303a1eb48c3bc22aac0c95661
04_j4_forearm,014_P401D_RearCrossbar_Upper,04_j4_forearm/014_P401D_RearCrossbar_Upper.step,04_j4_forearm/014_P401D_RearCrossbar_Upper.stl,Images/014_P401D_RearCrossbar_Upper.png,d97f393e0a78938d4abb0c362d7361d2dd861a8d820776e0195de246d08051df,eb1a48c8d9fbe51aea03d598bc79aafa82ab8c658b7b5726eaf5ab2e03942061,3ba91d342fcd19e616c353856918a6c1b5146f87f0d0e07571757a3c4a03f853
04_j4_forearm,015_P401E_RearCrossbar_Lower,04_j4_forearm/015_P401E_RearCrossbar_Lower.step,04_j4_forearm/015_P401E_RearCrossbar_Lower.stl,Images/015_P401E_RearCrossbar_Lower.png,910e885f6a93d6f90f3169ed8b604847389e37164d2e3aeacac7da0b834d999c,368b4deeefbc90cac179ef3b598be4f60a84be5845a55017daa221f47faefa3e,66172953386da59b8c272d82ba9f4a5ca1ac67f3a51598e0be4d5fe415de84c5
04_j4_forearm,016_P401F_FrontCrossbar_Upper,04_j4_forearm/016_P401F_FrontCrossbar_Upper.step,04_j4_forearm/016_P401F_FrontCrossbar_Upper.stl,Images/016_P401F_FrontCrossbar_Upper.png,a4cfb47f488616c01949b5766c857749cb928084225953719d77c19e08495da8,16085361baafd82b37ba4e10e97ea171019112014007a5622e5691d72651c875,5b8d43125f5a9c30246a34fbb05e21673915e7925c305100fcebd0ae2f1d4747
04_j4_forearm,017_P401G_FrontCrossbar_Lower,04_j4_forearm/017_P401G_FrontCrossbar_Lower.step,04_j4_forearm/017_P401G_FrontCrossbar_Lower.stl,Images/017_P401G_FrontCrossbar_Lower.png,da267f91372129c6efc671beac788f8b8e556ee1b58bbdc3dfa5d01206bce47c,2a9ee768ae951a83df0bf9e37a79eddadc06c7befe34a9c79adb76816f0961ab,702f0679e819228a0500a3109609946a58c5d3f0c6d01ecf2b7c9c32c5040ec2
04_j4_forearm,018_P401C_ForearmSideFrame_NegY,04_j4_forearm/018_P401C_ForearmSideFrame_NegY.step,04_j4_forearm/018_P401C_ForearmSideFrame_NegY.stl,Images/018_P401C_ForearmSideFrame_NegY.png,5999e0db50d70a3ff51cc9e5380ed7ece4daa153e275256faa70f9ed7303c9b8,8f6a8353104b51162ecf6ac18f73efb86a1f262c6d07f7cb80a9267e1ec4daac,59f684f992fdbd92c3e68acc1c525b45632146d17fc2527add4cdef8ded65d06
04_j4_forearm,019_HomeFlag_J4,04_j4_forearm/019_HomeFlag_J4.step,04_j4_forearm/019_HomeFlag_J4.stl,Images/019_HomeFlag_J4.png,51134cee0d6ec56b81985cc55d89e13d6be48bd268ee5e6a5a9d6e107a38baf8,0d4cbf099aff568a3a5d14b8aa88a5d5c6e8a7f6fdd991bed6622f0011ffded9,024eeb69210a5fa07bd19b5d763b4e9aa612bccf5dcfb90fbeade23cd92dd3ab
04_j4_forearm,020_J4_PG19_FrontFlangeCarriage,04_j4_forearm/020_J4_PG19_FrontFlangeCarriage.step,04_j4_forearm/020_J4_PG19_FrontFlangeCarriage.stl,Images/020_J4_PG19_FrontFlangeCarriage.png,ea92bfc2cbcba9c4c366c1a12ed7d18d1887720e015ca418f6403ca4cfd53616,1dae2c5bab5313ae43037fdde2cf53033789446c7451711042c34c8ac3d4ac9f,a0a6ecf5ab215a054086c2151e47b96b393f5b349de233296d928e6026e8936a
04_j4_forearm,021_J4_MotorRearSupportClamp,04_j4_forearm/021_J4_MotorRearSupportClamp.step,04_j4_forearm/021_J4_MotorRearSupportClamp.stl,Images/021_J4_MotorRearSupportClamp.png,a6d4acc3ab432735874c7c09ce8e470399a57e3959cbf72363a07e91c02a3a10,db4d4944fe4b4fba06301a867ef4154cdc9324eaef416de16fe416df61faf0fe,e524956c0b96318ca7a08580bc2d4b259b5a8b3268cfac5236b30e70ba9bc78e
04_j4_forearm,022_J4_GearmotorServiceCover_Clearanced,04_j4_forearm/022_J4_GearmotorServiceCover_Clearanced.step,04_j4_forearm/022_J4_GearmotorServiceCover_Clearanced.stl,Images/022_J4_GearmotorServiceCover_Clearanced.png,962e05ebad01e005d861cb20aef37d6ae8c16cf7e238191b666165513c91ca68,cc22fcfd194c3b87cd7f239fb2a0d8d23f63ae19c74545322edecbd90e16b2de,b6820b2d78b4b94c67015d7b9461d5fefd37f2c242dd3bd7915a68dfc8ed0b32
04_j4_forearm,023_NEMA17_LoadMount_A_CoverBosses,04_j4_forearm/023_NEMA17_LoadMount_A_CoverBosses.step,04_j4_forearm/023_NEMA17_LoadMount_A_CoverBosses.stl,Images/023_NEMA17_LoadMount_A_CoverBosses.png,89c44db9504ba3f16be0c70fdc9a6b6566c38ed2697ab3ed18059fc2ec9042d4,5be9c35ea013d210f82e13a1e142dc94897e0e8b1c5312182e17126b433709b9,d4fea316b02ea2324d8bcf8e44fa56de522287a543d85ba772d6b97f55db4d4d
04_j4_forearm,024_NEMA17_OpenBackCover_A_M3Flange,04_j4_forearm/024_NEMA17_OpenBackCover_A_M3Flange.step,04_j4_forearm/024_NEMA17_OpenBackCover_A_M3Flange.stl,Images/024_NEMA17_OpenBackCover_A_M3Flange.png,6c337cb25d968ac1823e6797712f20d696ae5054b715fef1643f5ef54b8f2fad,5f84b7b01af1498ce42aa9bd33588e99a58d31237cd41004449024add6fdabf2,06cbfa933683aaaaa4e21050fbb5f143868556e693587107e45b6eb952a44c52
04_j4_forearm,025_NEMA17_LoadMount_B_CoverBosses,04_j4_forearm/025_NEMA17_LoadMount_B_CoverBosses.step,04_j4_forearm/025_NEMA17_LoadMount_B_CoverBosses.stl,Images/025_NEMA17_LoadMount_B_CoverBosses.png,c47054c02c2d465015a97c619848e04a5a8f4231d01913f28c29af96d79c668c,70f77dc372f2e3f81cf37a199b1b8640e75df34b35e2838ea939d78fd3983f9e,18e940ffd540873f7225dfddc225dde3824cc9531c622e25cc81c17088240e3c
04_j4_forearm,026_NEMA17_OpenBackCover_B_M3Flange,04_j4_forearm/026_NEMA17_OpenBackCover_B_M3Flange.step,04_j4_forearm/026_NEMA17_OpenBackCover_B_M3Flange.stl,Images/026_NEMA17_OpenBackCover_B_M3Flange.png,6fd6b79848e77a4f185f11d68d201ae4f6a2ee76c2116b058304902f3c208d74,336f5999f8221fcec0b48e3ba96ece796f08cfe2c248ced7d462ffeba39e6b49,f4a62e2f60f0d94e01dd13637a2f32f0fa0cc46038c49012a5e8081506430981
05_j5_j6_wrist,001_HollowInputShaft_A,05_j5_j6_wrist/001_HollowInputShaft_A.step,05_j5_j6_wrist/001_HollowInputShaft_A.stl,Images/001_HollowInputShaft_A.png,2b45d8f8b7423822f745fdcde20c8abcadbf98db3aeddfde7c95655e06e0cde1,bb32270d571f60e653cb33fce0fd199d2b107e707ac263a13026105590609560,2c7ba467884baeb2f2935505a64ab9aed29a0259af27d9f8c68d5b36bda403b7
05_j5_j6_wrist,002_60T_HTD3M_InputPulley_A,05_j5_j6_wrist/002_60T_HTD3M_InputPulley_A.step,05_j5_j6_wrist/002_60T_HTD3M_InputPulley_A.stl,Images/002_60T_HTD3M_InputPulley_A.png,84b280d2ebb0154ba7d4055562b8a4ca4561e85dbf3d4e7272715e73ffcb5e00,464bd8687ce84dc0371cfc1e9f367a0f8d8ccd36facfd5e034c388cd410c03ba,ae2843c02b6281bcf2c6756920c3776dcb1aee0f34a9a4ae1637299f37ae20cd
05_j5_j6_wrist,003_DiffInputClampCollar_A,05_j5_j6_wrist/003_DiffInputClampCollar_A.step,05_j5_j6_wrist/003_DiffInputClampCollar_A.stl,Images/003_DiffInputClampCollar_A.png,b376cf45cb40a5b7efda2a1aa48000a6ea25fce173e4b315ad6a37c82e48e97b,6dcfe1ff2ff8961266a3b22e126ad293e1f13961c6a84afa7cba0a0eebdb7d0c,bed0e7376cfdb09041c4783dcefaf60f1c7442ef5f75dcc9cca2beb8f228774b
05_j5_j6_wrist,004_HollowInputShaft_B,05_j5_j6_wrist/004_HollowInputShaft_B.step,05_j5_j6_wrist/004_HollowInputShaft_B.stl,Images/004_HollowInputShaft_B.png,8a960e69b0790921bb0fb1f8b2790a4ab02e54ef86ac56700ced02fbf100fe58,e2b41f94def995996546184898ff158c0a4dd3b067066d6022b3db081d97f6e2,3f77236f3cd5e3f1aa63af51c9b988d90fc49c19cd5a30e49cfe7f94091edec6
05_j5_j6_wrist,005_60T_HTD3M_InputPulley_B,05_j5_j6_wrist/005_60T_HTD3M_InputPulley_B.step,05_j5_j6_wrist/005_60T_HTD3M_InputPulley_B.stl,Images/005_60T_HTD3M_InputPulley_B.png,fdc1e1d95262daaa7f99e353ddc53ec48b2e0896165d117d8f9304d247618954,84fee14c3ee5ae088b0344a19112f8557dd70d99be289820956e949d2fcc10e5,b9590e7308fe11c6e3fddbb769fe120d097cbac67d4c69a41a7ce7e6730f9500
05_j5_j6_wrist,006_DiffInputClampCollar_B,05_j5_j6_wrist/006_DiffInputClampCollar_B.step,05_j5_j6_wrist/006_DiffInputClampCollar_B.stl,Images/006_DiffInputClampCollar_B.png,81c599f30c2c38f077632d8cbea352d1146bd5233e2ba0de0ef4753ebc0f7e98,2310a3277ea8d5c7dfefc675acda2884b328ea0d2df076fac5bc885bb34506d8,d0a555b0ed8199e77e0fdb3d832129db56ebfb05c58af64524285fa2373d2dbd
05_j5_j6_wrist,007_DifferentialFork_Left,05_j5_j6_wrist/007_DifferentialFork_Left.step,05_j5_j6_wrist/007_DifferentialFork_Left.stl,Images/007_DifferentialFork_Left.png,f02a8919b36d8830ff843f36e22abd0a045034643e463cf807acd4a7a9c76b91,2843ed2ccd803499d82366695b9e2170c3d2398217069c01e317ff31fe3b6555,f4ac2254a9ab5b5b953b486f1a9cab166b611121bc7a0d0c4277dee17d82b44a
05_j5_j6_wrist,008_DifferentialFork_Right,05_j5_j6_wrist/008_DifferentialFork_Right.step,05_j5_j6_wrist/008_DifferentialFork_Right.stl,Images/008_DifferentialFork_Right.png,2cec13e2b184c9d6ae9bc816b698bb3daef709a854a72d16b0fe3a0263e9e5df,4ea883d96ead70c594ec6f8ecd387cd23afc591a2523e08f74239a3163963c96,47170ec2ea7ec8d9bb9fe2698208a8d110ea03b9b099a82cc10eb67f9d4d6d37
05_j5_j6_wrist,009_HardStop_J5_MIN,05_j5_j6_wrist/009_HardStop_J5_MIN.step,05_j5_j6_wrist/009_HardStop_J5_MIN.stl,Images/009_HardStop_J5_MIN.png,4fcdc36e8ff5eb668036c2b9dcbce5f34f344b22cbdcd5be365c4affdb89ab95,b70f66ef930c8ec524f4899bc5daf622089e56bebd7c44dba780b1c456346cd5,e52dc5cdf1b94b53eca9aeb35610a25132a3bfae3fe573c837db0a830136696a
05_j5_j6_wrist,010_HardStop_J5_MAX,05_j5_j6_wrist/010_HardStop_J5_MAX.step,05_j5_j6_wrist/010_HardStop_J5_MAX.stl,Images/010_HardStop_J5_MAX.png,522a52ebc1c8eecbfa6f70edbec8039fc7484d52934f0f42814bb4d08e034df9,8279a8211fb12863a75cf283eae508932e6fcf78906b2d7df5befe3eb1f1de65,48f3d9fa2a0d0c3c880ba613bfc8efef98115c66d65b4cb97bf8f97c8b1db1eb
05_j5_j6_wrist,011_DiffInputBearingRetainer_A,05_j5_j6_wrist/011_DiffInputBearingRetainer_A.step,05_j5_j6_wrist/011_DiffInputBearingRetainer_A.stl,Images/011_DiffInputBearingRetainer_A.png,2b25b58394831762eefeea4855150322d6cac4216e01c57ec384e6ff6d4d7184,c5dd2b2d0721f60ea00e0478fd98870ac7522f45b5e3ed370a4b27d3f49ab7ff,fb5e0d3e39805f9e44d0f79aad1e47d211e1ffe36f713a98ab3a174db5274a06
05_j5_j6_wrist,012_DiffInputBearingRetainer_B,05_j5_j6_wrist/012_DiffInputBearingRetainer_B.step,05_j5_j6_wrist/012_DiffInputBearingRetainer_B.stl,Images/012_DiffInputBearingRetainer_B.png,25b20d8fdea2bb06afc0b9b07e060a88987cf519d8ea90c297c2d476b0ef969e,6a20b94e1f06d6a87b7b6bb48f7a2e5bd5e4e017a431456120f479aced1f5b95,7342a77ca82e76f28af34a7997e4957f32ae1b1428116d918b4c9e746c071778
05_j5_j6_wrist,013_J5_PitchBearingHousing_A,05_j5_j6_wrist/013_J5_PitchBearingHousing_A.step,05_j5_j6_wrist/013_J5_PitchBearingHousing_A.stl,Images/013_J5_PitchBearingHousing_A.png,68582fe1c6a5d1f3a97fb10b01daf5f227339e8cf5087a1279201d260d0ae66e,0e4d61ae7b96f935e54d4626b1b7401d5e7c5376b786064384bd70c38e7999ca,c1e973e9e92677fd0e066ff33fc4a496fce6aa514c087a56dae797604dccfbfe
05_j5_j6_wrist,014_J5_PitchBearingHousing_B,05_j5_j6_wrist/014_J5_PitchBearingHousing_B.step,05_j5_j6_wrist/014_J5_PitchBearingHousing_B.stl,Images/014_J5_PitchBearingHousing_B.png,c0fa91feb04d604b2dbf62b3f1cb657cb7db99cad6ea7697023de145dac55688,9437339283423f9d5b6fa0bbac66afa52f7aaa4d686c3a335bca9f271e66927b,c1e973e9e92677fd0e066ff33fc4a496fce6aa514c087a56dae797604dccfbfe
05_j5_j6_wrist,015_DifferentialCarrier_SeparatedBearingStack,05_j5_j6_wrist/015_DifferentialCarrier_SeparatedBearingStack.step,05_j5_j6_wrist/015_DifferentialCarrier_SeparatedBearingStack.stl,Images/015_DifferentialCarrier_SeparatedBearingStack.png,e501064bf6135ba59d4e9bbaa741e30b6b67d3258349ddecc4ae36f754dd66d6,f1b8e524c04cb423c5efb2dcf270b20bdc6df490ad9b7644e8ef9d388cde1fdc,64e45506a93c946736827137ce21578fd3474ae53a0921a821c4a6e69df17cb9
05_j5_j6_wrist,016_HardStopStriker_J5,05_j5_j6_wrist/016_HardStopStriker_J5.step,05_j5_j6_wrist/016_HardStopStriker_J5.stl,Images/016_HardStopStriker_J5.png,291b72fbb2763a9a91b390d298ad6b7a2c1ac3a4a274413db38b361f3ac94ce1,1fb6f7b81108160dcf2b3d8a95e8d92bd8d11c183a35f2bd613f59a4a4d491e5,8e4f8ea13803a76e7e12d2ebf4461adf23f4bc35737aeb5659e52c99d544a023
05_j5_j6_wrist,017_HomeSwitchBracket_J6,05_j5_j6_wrist/017_HomeSwitchBracket_J6.step,05_j5_j6_wrist/017_HomeSwitchBracket_J6.stl,Images/017_HomeSwitchBracket_J6.png,2518901813b4099c022adfbb1417957f61f974de94a916eeb1cd259dcb8c371d,b12c7c7b450530ed72f088a46acdaee9a5ba9e1abbafe5c0cdf0d6f297925abc,c020f3dbf2d3dee916ec037016891333d5d4a6e80b1cbcc846e08f72d2b114e7
05_j5_j6_wrist,018_J6_HollowD12_DFlatShaft_8mmBore,05_j5_j6_wrist/018_J6_HollowD12_DFlatShaft_8mmBore.step,05_j5_j6_wrist/018_J6_HollowD12_DFlatShaft_8mmBore.stl,Images/018_J6_HollowD12_DFlatShaft_8mmBore.png,0802abbfede8e5b187bd58f5dc9196d39f14bdc8e0682d41cfb1b0104c05b5de,1a722b88219f21d188aa63ac727ec30d2383990d9db7d9d6743232e220af49e3,95ed50ac40dde831d03211674d3888780cf37b509cbddaa11d6b00ea7f2d25a1
05_j5_j6_wrist,019_HomeFlag_J6,05_j5_j6_wrist/019_HomeFlag_J6.step,05_j5_j6_wrist/019_HomeFlag_J6.stl,Images/019_HomeFlag_J6.png,db8459ec8124985d6c9f52e3089887933a289f1fda2fd6e583d727575a9abcad,366839a8a2bb7f32e1ce70fb34315a0688f6acf7b773bfbd9015fc58c3c67d3d,9c3b8dfe048edab92466a5139f73eb1965e2542daa753ff5cd29c9f9447b8da5
05_j5_j6_wrist,020_24T_m2_StraightBevelJ6_DFlat,05_j5_j6_wrist/020_24T_m2_StraightBevelJ6_DFlat.step,05_j5_j6_wrist/020_24T_m2_StraightBevelJ6_DFlat.stl,Images/020_24T_m2_StraightBevelJ6_DFlat.png,26841da98f2559944a0b0352bf5a72b570e70d346786971e077919f5ea113c71,aac50efbb058905268c78f10c65578b588702d625f1d4ecba0ac59e6c32e32e4,b04c7120550ab16162e00425b4c3e601c662c1c8614ac541414ddc6c74de46b8
05_j5_j6_wrist,021_J6_DFlatToolHub_R28,05_j5_j6_wrist/021_J6_DFlatToolHub_R28.step,05_j5_j6_wrist/021_J6_DFlatToolHub_R28.stl,Images/021_J6_DFlatToolHub_R28.png,5e0f35cfe7ea23a9350222dc4936128f8424ee14389fa981ee79458ad5f7a2e4,d927ef09c1b1fa38860a0bc0867098ecb90f6975fd85a8aa1cafbcd6b2cf89de,8eb2b1886d956530641b7fc3c3c8df92de4d04401c58eaa56926e8f84f78886f
05_j5_j6_wrist,022_ISO50_ToolFlange_Counterbored,05_j5_j6_wrist/022_ISO50_ToolFlange_Counterbored.step,05_j5_j6_wrist/022_ISO50_ToolFlange_Counterbored.stl,Images/022_ISO50_ToolFlange_Counterbored.png,db6c9c13fea8798f098703adecdc93bcf9423dae8ce48b11f0a723f4a26886d7,36999a370dad2624ae22fb497369d00ecf79717e2b757de700e38441576cc7bf,d69307133359a842fd25ee6c430039ce9883d1722a46da0f9ddac7d44ac89406
05_j5_j6_wrist,023_J6_RearBearingRetainer_CSK,05_j5_j6_wrist/023_J6_RearBearingRetainer_CSK.step,05_j5_j6_wrist/023_J6_RearBearingRetainer_CSK.stl,Images/023_J6_RearBearingRetainer_CSK.png,8aefddd405eb89dbd93765e9392de0f9d499bd8f17f0cf3fbea835eec0f5fec1,c8d90bbb86821b662326cc89620ba60581b480996145366c63acd79615dcc6bf,b4325cccfa5e4da0aa29149925e4969df753cce8d2d9063b976b5023a294c939
05_j5_j6_wrist,024_CapsuleSlipRingClamp_M125,05_j5_j6_wrist/024_CapsuleSlipRingClamp_M125.step,05_j5_j6_wrist/024_CapsuleSlipRingClamp_M125.stl,Images/024_CapsuleSlipRingClamp_M125.png,bce9c583fa32ff6d98e9d43dab5d0f58de7a7c9c6031896d0dfd30d147fc35de,5a48e83268c6c33382f16f12155241008e202432b997ead5b7201d877afaae7a,5da023e347a288ba889d203a13e94262758bfa5d537f57abf5a122054c8aeaf8
05_j5_j6_wrist,025_J6_FrontBearingRetainer_CSK,05_j5_j6_wrist/025_J6_FrontBearingRetainer_CSK.step,05_j5_j6_wrist/025_J6_FrontBearingRetainer_CSK.stl,Images/025_J6_FrontBearingRetainer_CSK.png,225144f4a19b97ee7ed04c78ed2ea7694f21f63a66a1ba2164fc2bbd43219dd6,2902812b52bd55418ed01f33a550e1a973947336ccae80b5a91f42d31ae1b5fe,c2fce547fc48f439b3dca8ca734d374622259e710b4f5eac74f7b3eb412abbcb
05_j5_j6_wrist,026_OV5693_CameraMount_Upper,05_j5_j6_wrist/026_OV5693_CameraMount_Upper.step,05_j5_j6_wrist/026_OV5693_CameraMount_Upper.stl,Images/026_OV5693_CameraMount_Upper.png,29648329ee37bc26b9c44673140a866a260257187eb323b18e39bc231205a168,01530ebffdab0d248833043c8f865f240b31888aa60fc6b5e679153329e37849,a09663763cb572e6cf75cc655c02fc43dd5d88ed1637e10e47e59719c359d4aa
05_j5_j6_wrist,027_OV5693_CameraClamp_Lower,05_j5_j6_wrist/027_OV5693_CameraClamp_Lower.step,05_j5_j6_wrist/027_OV5693_CameraClamp_Lower.stl,Images/027_OV5693_CameraClamp_Lower.png,938dbd67d00df276a50ab1cb7319fd45c26d78e7846eca629c1a084d0461f58a,5ac2d3b1687c8d11e3fbf93c7448ea1e8c4db6999a526c88d452e526950574bd,b9ffcf17bc421578e37e03fa4f7fd57302e8f0150526f73c148f318c5c241f8a
05_j5_j6_wrist,028_OV5693_CameraGuard,05_j5_j6_wrist/028_OV5693_CameraGuard.step,05_j5_j6_wrist/028_OV5693_CameraGuard.stl,Images/028_OV5693_CameraGuard.png,6eeb9f002921963690f0776ffaa27cfaece4f593843025dfb7029b79ae4fdc4f,f0494a9ffe8e66b77c747f40d70795c61dd4120fe0b53268d724209e7d13ed9b,b943efbaa933b89caf7e65fa0ea687cb47638dfc9b04b3b815b81c7bcfbaffa8
06_gripper,001_GripperPalm,06_gripper/001_GripperPalm.step,06_gripper/001_GripperPalm.stl,Images/001_GripperPalm.png,e46fd51558212ba399a2d5ffaa9e2872472db0487b54e130dfcac59ea321425b,eb611f4a94941d48447814b83610939a434f0a574f676d0a1af0f2c686da8d59,312f43b9ae1d9d497e54fbc7364ad62653e1206c43476987f79fda470ca7ddee
06_gripper,002_GripperPalm_1,06_gripper/002_GripperPalm_1.step,06_gripper/002_GripperPalm_1.stl,Images/002_GripperPalm_1.png,38396b1ae4dee58bb35218fd1702bfd4954802cc3975973b2e376ab5ddbee707,a331d0ce03e4928ae1ccefc4017458af77a254b739c010435ea1fe77a7888bc5,a37a41def6539ac581d2b4b982ff6b13bf293280c916efc03a4d56fb20caab0b
06_gripper,003_GripperPalm_2,06_gripper/003_GripperPalm_2.step,06_gripper/003_GripperPalm_2.stl,Images/003_GripperPalm_2.png,38b02dfc6af528cd2756a9476574cb61407e87cb03e7c85645f9217f27ef44cd,5b64fbbff7a6c59f88c78dd5e2cd2cfc82d689c47992a02b540e693680ad3b45,a37a41def6539ac581d2b4b982ff6b13bf293280c916efc03a4d56fb20caab0b
06_gripper,004_GripperPinion_16T_m1p5,06_gripper/004_GripperPinion_16T_m1p5.step,06_gripper/004_GripperPinion_16T_m1p5.stl,Images/004_GripperPinion_16T_m1p5.png,b432061eddc5eda9170478d4ecfff25d89af148c195a422b50a1977b77487d74,2e2c11cff0ac51895d0dee979e87a97f7dc0726ac822687ee95c6416bfa3b983,9192ad210deaf6628c689402a4a9427ca27f19660f62779c7c3d1b5946772649
06_gripper,005_JawCarriage_A,06_gripper/005_JawCarriage_A.step,06_gripper/005_JawCarriage_A.stl,Images/005_JawCarriage_A.png,c1de54595bcdb9b2408b1bb700471b908af6c620ae0f1df2481d431a2e8f6c23,1e07baaebe4e17b29a92f60351ee5bbcf3951ef1d6b9f0aff243d2156cbe92c3,216bc09bb4baa0abdb49ec2ac77d9b62a38f6a44807b7b1a77af06a61b313412
06_gripper,006_JawCarriage_B,06_gripper/006_JawCarriage_B.step,06_gripper/006_JawCarriage_B.stl,Images/006_JawCarriage_B.png,1fc64062d0ec99368555613555944edad8ed4e29cf4a2972de13e6d89132ee5a,3132fa65bcef73e84ca5ded90c5c2a27f8e087cc6695d7d528e06b5bc2d242ff,115a7b9cdf349d5bba8fd55d8ad3c46ed46a9f651def4ee1b27334d80cc7f38b
06_gripper,007_JawTip_A,06_gripper/007_JawTip_A.step,06_gripper/007_JawTip_A.stl,Images/007_JawTip_A.png,52673ff34d5b76bb19d39d19fc2ad311768c176c04d3bd9c0da9d30fe08e52be,5fec320c632a0b285e683b980e0ac44f3f170048a3f1229edc33fd25a5d8c045,7966fb7ad613a67e27e742f2ab8bd0ed6227f032444e1c847106251137bcea2e
06_gripper,008_JawTip_B,06_gripper/008_JawTip_B.step,06_gripper/008_JawTip_B.stl,Images/008_JawTip_B.png,3e98218eaa28cfca82520daddd37b15cf4af956e421be68d75df2e9223ef5c31,b277330e75414191064fc0169b96adc9499b851e02dda457bede1e81900770a5,7966fb7ad613a67e27e742f2ab8bd0ed6227f032444e1c847106251137bcea2e
06_gripper,009_GripperServiceCover,06_gripper/009_GripperServiceCover.step,06_gripper/009_GripperServiceCover.stl,Images/009_GripperServiceCover.png,1592a49f93c89ece7de81c581f5c05d751949e1bbe7eecfd018484b9cfb87515,b20d34c9b2640e569b28819ea9395dc59a45f7b73fd49faff6ff6a3985c58c39,50df2cf1a6c987afb5b4284e7a6f62c4569fc35e29aeed52893981631d997c8a
07_forearm_lids,001_ForearmDorsalLid_Aligned,07_forearm_lids/001_ForearmDorsalLid_Aligned.step,07_forearm_lids/001_ForearmDorsalLid_Aligned.stl,Images/001_ForearmDorsalLid_Aligned.png,1dc54f5daa4f011710c7184ed70238f0215c337d6c68e19c10b9dd9e7478c675,86aaa874108054c32fb4e5c7dcffe61d19ce03691bd8d5b0cc8e255751e27ca4,2a70a299a0776b3c52257c80b1050a9efb9caac168ab5e57bf45866606b121a8
07_forearm_lids,002_ForearmVentralLid_Aligned,07_forearm_lids/002_ForearmVentralLid_Aligned.step,07_forearm_lids/002_ForearmVentralLid_Aligned.stl,Images/002_ForearmVentralLid_Aligned.png,a82b00235ac29bc10a6e88abb4a0e7f05cbf0ddd32a031cfddba139752d8758c,c2297e5f870b64ca83bc49ec5219fd2cd0957069844ec07fcc2b2d9be554bb80,c3412aae247eaa793fda631ba2c832bbb4a6b3aedd7bcbf0692156ccecc52aa3
